Workbook

Sheet Bug记录表
A1: Bug编号 | B1: 模块 | C1: Bug标题 | D1: 严重程度 | E1: 优先级 | F1: 状态 | G1: 发现版本 | H1: 发现日期 | I1: 前置条件 | J1: 复现步骤 | K1: 实际结果 | L1: 预期结果 | M1: 原因分析 | N1: 修复方案 | O1: 修复负责人 | P1: 修复日期 | Q1: 回归结果 | R1: 备注
A2: BUG-001 | B2: 登录注册 | C2: 注册成功后未自动登录 | D2: 高 | E2: P1 | F2: 已修复 | G2: v1.0 | H2: 46211 | I2: 打开登录注册页，后端服务正常启动 | J2: 1. 切换到注册页 2. 输入新用户名和密码 3. 点击注册 | K2: 提示注册成功，但仍停留在登录页，需要手动登录 | L2: 注册成功后自动保存 token 并进入内容页 | M2: 注册接口返回结构与登录接口不一致，前端没有正确提取 token | N2: 统一 getToken 解析逻辑，注册成功后调用 saveLoginState 并跳转内容页 | O2: 张越 | P2: 46211 | Q2: 通过 | R2: 面试演示重点流程
A3: BUG-002 | B3: 登录注册 | C3: 游客登录失败，提示未获取到 token | D3: 高 | E3: P1 | F3: 已修复 | G3: v1.0 | H3: 46211 | I3: 打开登录页 | J3: 1. 点击游客登录 2. 观察页面提示 | K3: 弹窗提示“游客登录失败：未获取到 token” | L3: 游客账号自动生成并进入系统 | M3: 游客登录请求返回值字段与前端 token 解析字段不一致 | N3: 补充游客登录兜底逻辑，统一保存 token 和 moodboard_current_user | O3: 张越 | P3: 46211 | Q3: 通过 | R3: 已加入回归测试
A4: BUG-003 | B4: 账号隔离 | C4: 不同账号可看到相同圆桌历史记录 | D4: 高 | E4: P1 | F4: 已修复 | G4: v1.0 | H4: 46211 | I4: 已存在两个测试账号 | J4: 1. 使用账号 A 创建圆桌记录 2. 退出登录 3. 使用账号 B 登录 4. 查看历史圆桌 | K4: 账号 B 可看到账号 A 的圆桌记录 | L4: 不同账号只能看到自己的圆桌记录 | M4: localStorage 使用固定 key，没有拼接当前用户名 | N4: 将圆桌历史、RAG 存档、自定义 Agent 的本地存储 key 加上当前用户标识 | O4: 张越 | P4: 46211 | Q4: 通过 | R4: 隐私与数据隔离问题
A5: BUG-004 | B5: 自动化测试 | C5: pytest 命令无法识别 | D5: 中 | E5: P2 | F5: 已修复 | G5: v1.1 | H5: 46212 | I5: 已安装 Python 依赖 | J5: 1. 在终端执行 pytest tests/test_api_pytest.py | K5: 提示 pytest 不是内部或外部命令 | L5: 能正常执行自动化测试 | M5: Scripts 目录未加入 PATH | N5: 改用 python -m pytest 命令执行测试，避免环境变量问题 | O5: 张越 | P5: 46212 | Q5: 通过 | R5: 已写入 README
A6: BUG-005 | B6: 内容生产 | C6: 内容选择页误显示“先分析内容”和“生成剧本方案”按钮 | D6: 中 | E6: P2 | F6: 已修复 | G6: v1.1 | H6: 46212 | I6: 已登录并进入内容页 | J6: 1. 打开内容页 2. 查看两个选择卡片下方 | K6: 两个入口下方出现生成按钮，页面层级混乱 | L6: 选择页只展示“多 Agent 协助生成”和“直接生成方案”两个入口 | M6: 按钮区域放在 contentMode 条件外部 | N6: 将 actions-row 限制在 contentMode === 'direct' 时展示 | O6: 张越 | P6: 46212 | Q6: 通过 | R6: UI 体验问题
A7: BUG-006 | B7: 内容生产 | C7: 具体需求输入框显示为普通文字 | D7: 高 | E7: P1 | F7: 已修复 | G7: v1.1 | H7: 46212 | I7: 进入直接生成方案页面 | J7: 1. 点击直接生成方案 2. 查看“具体需求”区域 | K7: textarea 标签异常，页面显示多余文本和 /> 符号 | L7: 显示可输入的大文本框 | M7: Vue 模板中 textarea 使用了错误闭合方式，造成标签解析异常 | N7: 将 textarea 改为完整的 <textarea></textarea> 闭合结构 | O7: 张越 | P7: 46212 | Q7: 通过 | R7: 阻断直接生成流程
A8: BUG-007 | B8: Tool Calling | C8: 点击“先分析内容”后结果均为未识别 | D8: 中 | E8: P2 | F8: 已修复 | G8: v1.1 | H8: 46212 | I8: 进入直接生成方案页并填写需求 | J8: 1. 输入追妻火葬场需求 2. 点击先分析内容 3. 查看分析结果 | K8: 冲突强度、情绪基调、标签均显示未识别 | L8: 应显示高冲突、虐恋/追悔/反转及相关标签 | M8: 后端返回字段与前端读取字段不一致，缺少字段兼容处理 | N8: 新增 normalizeToolResult 和前端兜底分析逻辑 | O8: 张越 | P8: 46212 | Q8: 通过 | R8: AI 应用专项测试覆盖
A9: BUG-008 | B9: 内容生产 | C9: 直接生成与多 Agent 协助生成结果差异不明显 | D9: 中 | E9: P2 | F9: 已修复 | G9: v1.1 | H9: 46212 | I9: 两种生成方式均可使用 | J9: 1. 直接生成方案 2. 多 Agent 圆桌后带入生成 3. 对比输出 | K9: 两种结果结构接近，难以体现多 Agent 协作价值 | L9: 圆桌生成结果应包含圆桌结论、观点采纳和最终方案 | M9: 两种模式使用了相近的最终 Prompt | N9: 区分直接生成 Prompt 和圆桌总结 Prompt，增加观点采纳结构 | O9: 张越 | P9: 46212 | Q9: 通过 | R9: 面试展示重点
A10: BUG-009 | B10: 多 Agent 圆桌 | C10: 选择超过 4 个 Agent 时缺少限制 | D10: 中 | E10: P2 | F10: 已修复 | G10: v1.0 | H10: 46211 | I10: 进入多 Agent 协助生成页 | J10: 1. 连续选择 5 个 Agent 2. 查看已选数量 | K10: 可继续选择超过 4 个 Agent | L10: 系统提示最多选择 4 个 Agent | M10: 前端 toggleAgent 未做上限判断 | N10: 增加 selectedAgentCodes.length >= 4 校验和 alert 提示 | O10: 张越 | P10: 46211 | Q10: 通过
A11: BUG-010 | B11: 多 Agent 圆桌 | C11: 少于 2 个 Agent 仍可尝试开始圆桌 | D11: 中 | E11: P2 | F11: 已修复 | G11: v1.0 | H11: 46211 | I11: 进入多 Agent 协助生成页 | J11: 1. 只选择 1 个 Agent 2. 点击开始圆桌讨论 | K11: 请求被发出或提示不明确 | L11: 系统提示至少选择 2 个 Agent | M11: 前端提交前未校验最小数量 | N11: runRoundtable 前增加 2-4 个 Agent 校验 | O11: 张越 | P11: 46211 | Q11: 通过
A12: BUG-011 | B12: 多 Agent 圆桌 | C12: 圆桌总结带入后仍沿用旧 Tool Calling 结果 | D12: 中 | E12: P2 | F12: 已修复 | G12: v1.1 | H12: 46212 | I12: 先直接分析一次内容，再走圆桌流程 | J12: 1. 点击先分析内容 2. 进入圆桌并生成总结 3. 点击带入剧本生成 4. 生成最终方案 | K12: 最终方案可能使用上一次旧分析结果 | L12: 带入圆桌总结后应重新分析“用户需求 + 圆桌总结” | M12: applyRoundtableToContent 未清空旧 toolResult | N12: 带入总结时清空 toolResult 和 scriptResult | O12: 张越 | P12: 46212 | Q12: 通过
A13: BUG-012 | B13: 多 Agent 圆桌 | C13: Agent 卡片模板语法错误导致页面编译失败 | D13: 高 | E13: P1 | F13: 已修复 | G13: v1.1 | H13: 46212 | I13: 修改 TreeHolePage.vue 后保存 | J13: 1. 打开圆桌页 2. 保存前端文件 3. 查看 Vite 报错 | K13: 页面提示 template 编译失败，出现 ${agent.name} 等错误写法 | L13: Agent 卡片正常渲染 | M13: Vue 模板中误用了 JS 模板字符串语法 | N13: 改为 Vue 插值语法 {{ agent.name }}，并重写 agent-grid 区块 | O13: 张越 | P13: 46212 | Q13: 通过 | R13: 高频前端错误
A14: BUG-013 | B14: 页面导航 | C14: 登录后默认进入多 Agent 协助页， 未进入生成方式选择页 | D14: 中 | E14: P2 | F14: 已修复 | G14: v1.1 | H14: 46212 | J14: 复现步骤： 1. 用户登录系统 2. 进入首页 3. 查看默认展示页面 | K14: 系统直接进入多 Agent 协助生成页面 | L14: 系统应先进入内容生产选择页，展示“直接 生成方案”和“多 Agent 协助生成”两个入口 | N14: 修改登录跳转地址和 TreeHolePage 默认 view，将 view 默认设为 content，contentMode 默认设为 choice，并在 route.query.view 为 content 时进入选择页 | O14: 张越 | P14: 46212 | Q14: 通过
A15: BUG-014 | B15: 自定义 Agent | C15: 自定义 Agent 保存后未自动加入圆桌 | D15: 低 | E15: P3 | F15: 已修复 | G15: v1.0 | H15: 46211 | I15: 进入圆桌页，打开新建人格/角色 | J15: 1. 填写角色名称、参考人格、性别、角色设定 2. 点击保存并加入圆桌 | K15: 自定义 Agent 创建成功但未自动选中 | L15: 保存后自动加入已选 Agent 列表 | M15: 保存逻辑只更新 customAgents，没有同步 selectedAgentCodes | N15: 保存后将新 Agent code 写入 selectedAgentCodes | O15: 张越 | P15: 46211 | Q15: 通过
A16: BUG-015 | B16: 自定义 Agent | C16: 删除自定义 Agent 后已选数量未同步变化 | D16: 低 | E16: P3 | F16: 已修复 | G16: v1.0 | H16: 46211 | I16: 已创建并选中自定义 Agent | J16: 1. 点击自定义 Agent 删除按钮 2. 查看已选数量 | K16: Agent 从列表移除，但已选数量仍异常 | L16: 删除后同步移除已选状态 | M16: deleteCustomAgent 未同步过滤 selectedAgentCodes | N16: 删除时同时过滤 customAgents 和 selectedAgentCodes | O16: 张越 | P16: 46211 | Q16: 通过
A17: BUG-016 | B17: RAG 知识库 | C17: 知识库问答返回结果为空 | D17: 中 | E17: P2 | F17: 已修复 | G17: v1.0 | H17: 46211 | I17: 进入知识库页 | J17: 1. 输入“追妻火葬场题材怎么设计强冲突开场？” 2. 点击 RAG 生成回答 | K17: 回答为空或命中 0 条 | L17: 返回知识增强回答和命中片段 | M17: knowledge_chunk 表内容不足或未初始化 | N17: 补充 ContentKnowledgeInitializer 知识片段，并检查 H2 表数据 | O17: 张越 | P17: 46211 | Q17: 通过 | R17: 可在 H2 Console 验证
A18: BUG-017 | B18: RAG 知识库 | C18: RAG 问答存档未按账号隔离 | D18: 中 | E18: P2 | F18: 已修复 | G18: v1.1 | H18: 46212 | I18: 准备两个账号 | J18: 1. 账号 A 存档 RAG 问答 2. 账号 B 登录查看存档 | K18: 账号 B 可看到账号 A 的存档 | L18: 不同账号只能看到自己的存档 | M18: RAG 存档使用固定 localStorage key | N18: 存档 key 拼接 moodboard_current_user | O18: 张越 | P18: 46212 | Q18: 通过
A19: BUG-018 | B19: RAG 知识库 | C19: RAG 问答存档删除后页面未及时刷新 | D19: 低 | E19: P3 | F19: 已修复 | G19: v1.1 | H19: 46212 | I19: 已有 RAG 存档记录 | J19: 1. 点击删除 2. 查看列表 | K19: 删除后列表仍显示旧数据，刷新后才消失 | L19: 点击删除后立即从页面移除 | M19: 删除后未同步更新响应式数组 | N19: deleteRagArchive 中过滤 ragArchives 并重新保存 localStorage | O19: 张越 | P19: 46212 | Q19: 通过
A20: BUG-019 | B20: 页面导航 | C20: 底部导航仍保留旧“圆桌”独立入口 | D20: 低 | E20: P3 | F20: 已修复 | G20: v1.1 | H20: 46212 | I20: 打开系统任意页面 | J20: 1. 查看底部导航 2. 点击各导航项 | K20: 底部导航包含独立圆桌入口，和内容页功能重复 | L20: 只保留内容、知识库、我的 | M20: 页面结构调整后未同步 MainLayout | N20: 修改 MainLayout.vue，圆桌作为内容页内的生成方式 | O20: 张越 | P20: 46212 | Q20: 通过

Sheet 统计汇总
A1: AI Agent 多角色圆桌对谈与剧本生成系统 Bug 汇总
A3: 指标 | B3: 数量 | D3: 严重程度 | E3: 数量 | G3: 模块 | H3: 数量
A4: Bug 总数 | B4: =COUNTA(Bug记录表!A2:A30) -> 19 | D4: 高 | E4: =COUNTIF(Bug记录表!D2:D30,D4) -> 5 | G4: 登录注册 | H4: =COUNTIF(Bug记录表!B2:B30,G4) -> 2
A5: 已修复 | B5: =COUNTIF(Bug记录表!F2:F30,"已修复") -> 19 | D5: 中 | E5: =COUNTIF(Bug记录表!D2:D30,D5) -> 10 | G5: 账号隔离 | H5: =COUNTIF(Bug记录表!B2:B30,G5) -> 1
A6: 修复中 | B6: =COUNTIF(Bug记录表!F2:F30,"修复中") -> 0 | D6: 低 | E6: =COUNTIF(Bug记录表!D2:D30,D6) -> 4 | G6: 页面导航 | H6: =COUNTIF(Bug记录表!B2:B30,G6) -> 2
A7: 未修复 | B7: =COUNTIF(Bug记录表!F2:F30,"未修复") -> 0 | G7: 内容生产 | H7: =COUNTIF(Bug记录表!B2:B30,G7) -> 3
A8: 回归通过 | B8: =COUNTIF(Bug记录表!Q2:Q30,"通过") -> 19 | G8: 多 Agent 圆桌 | H8: =COUNTIF(Bug记录表!B2:B30,G8) -> 4
G9: 自定义 Agent | H9: =COUNTIF(Bug记录表!B2:B30,G9) -> 2
G10: Tool Calling | H10: =COUNTIF(Bug记录表!B2:B30,G10) -> 1
G11: RAG 知识库 | H11: =COUNTIF(Bug记录表!B2:B30,G11) -> 3
G12: Memory 记忆 | H12: =COUNTIF(Bug记录表!B2:B30,G12) -> 0
G13: 接口联调 | H13: =COUNTIF(Bug记录表!B2:B30,G13) -> 0
G14: 自动化测试 | H14: =COUNTIF(Bug记录表!B2:B30,G14) -> 1
G15: 前端编译 | H15: =COUNTIF(Bug记录表!B2:B30,G15) -> 0
G16: 项目文档 | H16: =COUNTIF(Bug记录表!B2:B30,G16) -> 0
G17: GitHub 提交 | H17: =COUNTIF(Bug记录表!B2:B30,G17) -> 0
A28: 使用说明
A29: 1. Bug记录表支持下拉选择严重程度、优先级、状态、模块和回归结果。
A30: 2. 统计汇总表自动统计 Bug 数量、严重程度分布和模块分布。
A31: 3. 本表用于面试展示，可说明已进行缺陷记录、回归验证和测试闭环。

Sheet 数据字典
A1: 严重程度 | B1: 优先级 | C1: 状态 | D1: 回归结果 | E1: 模块 | F1: 修复负责人
A2: 高 | B2: P0 | C2: 未修复 | D2: 未回归 | E2: 登录注册 | F2: 张越
A3: 中 | B3: P1 | C3: 修复中 | D3: 通过 | E3: 账号隔离 | F3: 安姣凝
A4: 低 | B4: P2 | C4: 已修复 | D4: 不通过 | E4: 页面导航 | F4: 潘子彤
B5: P3 | C5: 已关闭 | D5: 待验证 | E5: 内容生产 | F5: 组内共同
C6: 暂缓处理 | E6: 多 Agent 圆桌
E7: 自定义 Agent
E8: Tool Calling
E9: RAG 知识库
E10: Memory 记忆
E11: 接口联调
E12: 自动化测试
E13: 前端编译
E14: 项目文档
E15: GitHub 提交
